"","logFC","AveExpr","t","P.Value","adj.P.Val","B"
"OSGIN1|29948",4.34121348956016,2.43889649062866,8.34039603644509,3.99163572680587e-13,6.31317106551617e-09,18.9672146103433
"G6PD|2539",3.02049374193749,6.52640681052583,8.12534568393798,1.16776157381946e-12,9.23465852576433e-09,18.4471376962843
"ABCC1|4363",2.42706325341942,6.39895322039644,7.59833676901155,1.58384244682936e-11,8.35001737968438e-08,15.9115154189782
"CBR1|873",2.76356821025996,6.31347065372824,7.52650705411764,2.25279770642817e-11,8.907562131217e-08,15.5696981925067
"PGD|5226",2.49319567983219,7.70513388029247,7.40060556814305,4.16900198036576e-11,1.3187387064293e-07,14.9675950963964
"SLC7A11|23657",6.09174148452174,3.28668176762586,7.33957583981076,5.61285968601085e-11,1.47954981323246e-07,14.5953157152455
"SRXN1|140809",2.91970686271736,6.09099101088929,7.27383944722082,7.72631620192589e-11,1.74570595785228e-07,14.3747676291718
"ADH7|131",10.8488612543179,-1.75524166301364,7.01918536204851,2.64381395529116e-10,5.22682018961062e-07,11.1768123950086
"TALDO1|6888",1.82405307735986,7.76554199020579,6.98000410885399,3.1909848442998e-10,5.60762403304952e-07,12.9900973738476
"ZNF93|81931",-3.37199595464793,2.08217294253407,-6.85538474224557,5.79158474091039e-10,9.15997042622388e-07,12.1737780114924
"TSPAN7|7102",5.48081225934815,2.73288473549741,6.7354763916408,1.02433206177294e-09,1.47280326263644e-06,11.781668693971
"TRIM16L|147166",3.24580277461308,3.23777422855919,6.50713350464074,3.00491219624943e-09,3.96047427465675e-06,10.8412825051354
"ALDH3A1|218",8.46025042579183,2.01909763198535,6.46867612341362,3.59730239263252e-09,4.37653343399045e-06,10.4896524793769
"TKT|7086",2.0326322594252,8.61109826568924,6.45183983683195,3.8916533195055e-09,4.39645635009278e-06,10.5679875857024
"CES1|1066",8.42818224452504,2.35617179484481,6.39333730973885,5.11167639434031e-09,5.38975159019242e-06,10.2293743797999
"C1orf31|388753",1.55606330833712,4.52161361810931,6.37347861461138,5.60623435628589e-09,5.5417626611886e-06,10.2767458607065
"FECH|2235",1.73837926177375,4.61039112084421,6.28494555930048,8.45069294322718e-09,7.86212703471065e-06,9.88004548328209
"ME1|4199",3.55745756573825,3.84617311603039,6.26504955138188,9.26424235918573e-09,8.14018095293786e-06,9.80613852086253
"CTAGE5|4253",1.36083764748258,5.08108483233296,6.14965493582956,1.57517614237155e-08,1.31120978251308e-05,9.26082502788633
"ZNF506|440515",-2.2681745731764,3.97404752716169,-6.09525841318453,2.02017852527423e-08,1.54315945185088e-05,9.06443905973371
"HKDC1|80201",7.04586865347181,-1.36023545763609,6.09215974147134,2.04895981846665e-08,1.54315945185088e-05,7.89967527746522
"ZNF682|91120",-4.07782345112615,1.66034808894011,-6.07641345487371,2.20157417784822e-08,1.58273169076579e-05,8.77246895454145
"MDGA1|266727",4.47682788663335,1.99392547742288,6.05959016962743,2.37700442025746e-08,1.63455225699096e-05,8.7601719018254
"TXN|7295",1.89093947726304,7.59968542646546,6.04360927301237,2.55636933737535e-08,1.68464739333035e-05,8.74156372135242
"GCLM|2730",2.76908368921357,4.6961268941557,5.96489706373855,3.65357930393471e-08,2.31140041084125e-05,8.47195259385067
"RBM19|9904",1.12066892529913,5.38134294675358,5.91101424364569,4.65999907004897e-08,2.83471328045748e-05,8.20200879003003
"SLC47A2|146802",6.39801327207145,-3.16665613559768,5.8618851002197,5.81254347374798e-08,3.31634048078522e-05,6.24044935455612
"ABCA4|24",6.42421298705159,-0.242498071429439,5.85965200998903,5.87111364832994e-08,3.31634048078522e-05,7.43995035535647
"GCLC|2729",2.53120056385255,6.0725042868312,5.63030830984454,1.62895755958201e-07,8.88399750425829e-05,6.96892136110926
"PRDX1|5052",1.27881664059762,8.89682713892198,5.57793238474223,2.05103374258021e-07,0.000108130498908829,6.73997439498328
"ZNF813|126017",-2.87441141383034,2.105507403445,-5.5579455954569,2.23893037864857e-07,0.000113638712330408,6.72530043713011
"DNAJB4|11080",1.88776523185649,3.72503399244607,5.55188049430853,2.29921522165721e-07,0.000113638712330408,6.76321070746528
"ZNF415|55786",-3.37262241015387,2.28497294017412,-5.53105584527725,2.51856637933083e-07,0.000120708017743929,6.63444803190305
"FARP1|10160",-2.51763377015144,6.36606169769126,-5.45827718823831,3.45855372699568e-07,0.000160883781606364,6.23702362668225
"GSTA4|2941",3.08425514573142,3.25522605367689,5.44961314324425,3.59114718592025e-07,0.00016227881112147,6.35019146152311
"JAKMIP3|282973",4.35062582641428,-2.48136964707097,5.42895828983354,3.92765251328143e-07,0.000172554867083497,5.09773847868739
"UGDH|7358",1.9927015221642,5.87284275086365,5.40465493463183,4.36326371516295e-07,0.000186511834916263,6.02805219275999
"SLC9A3R1|9368",1.90651202925027,6.34711831799693,5.38742986891649,4.70029386588172e-07,0.000195631178375751,5.94241026588883
"ZNF702P|79986",-3.88169508530214,2.24361431730407,-5.35475252025157,5.41110509539054e-07,0.000219441123560761,5.9296935774374
"ZNF347|84671",-2.67853111790186,2.28567560888792,-5.32477790961643,6.15495924602433e-07,0.000243367088587802,5.81462066021438
"ZNF83|55769",-2.11871521559965,4.95814578150964,-5.31848984807059,6.32324685061552e-07,0.000243923102900817,5.72521605468212
"AKR1C1|1645",5.9336840360561,5.2756011864171,5.29868639296151,6.88318486375949e-07,0.000259201075726715,5.62222308344615
"MAP2|4133",4.21157432346015,1.71030053278076,5.27560251730273,7.59722883267353e-07,0.000273752607819827,5.57425392050676
"RIT1|6016",1.20668170060223,5.28817224161108,5.2709874699455,7.74843138702726e-07,0.000273752607819827,5.50801679069759
"NAMPT|10135",2.14664872760992,7.19225814251428,5.26976828923898,7.78886403129249e-07,0.000273752607819827,5.44770387854661
"EPHX1|2052",2.17021892425475,6.36539194812335,5.25226275496784,8.39266053289757e-07,0.000288561563018061,5.38503999498498
"TXNRD1|7296",2.5048461902418,6.37770704523676,5.22816987914769,9.29901570407014e-07,0.000312921771011858,5.28631661147181
"GSR|2936",2.34078329579934,5.30755887306148,5.21499395538991,9.83443136172356e-07,0.000324044513368791,5.27857711839213
"CBR3|874",2.78931106924839,3.11528645608521,5.18354433351527,1.12370593922009e-06,0.000362704757851123,5.28441276785061
"GSPT2|23708",-3.21994316978159,2.06811820893208,-5.12890339608669,1.41521661032488e-06,0.000447661318177967,5.03895181417917
"MAFG|4097",1.53083504000269,5.13895050624297,5.05989047894026,1.89036177751745e-06,0.000586234546533647,4.66582365649124
"LRP8|7804",2.84097584685708,3.33762325958397,5.04507031857284,2.01106287022836e-06,0.000611672506837149,4.73642766687656
"ZNF323|64288",2.45240752130482,2.5834940752812,5.00817152284362,2.34514650784882e-06,0.000699827116379942,4.59850116232332
"AKR1B10|57016",8.28801099089127,2.42192647341782,4.9963527101891,2.46316226343699e-06,0.0007214328584911,4.54917431796364
"ZNF254|9534",-2.57003345072209,3.81502477861317,-4.98709908933996,2.5595827788803e-06,0.000736042931468561,4.48508777140651
"TDRKH|11022",-2.20567356032647,3.86441673577766,-4.96921882185818,2.75641429629437e-06,0.000769698234203079,4.41182592992376
"SCGB1A1|7356",6.81272177634354,-3.6419801389221,4.96768666755423,2.7739503888199e-06,0.000769698234203079,3.19019577274391
"TRAF7|84231",0.793812498113757,6.99030127373285,4.94112315011875,3.09582349057241e-06,0.0008387368547368,4.12516439895091
"C16orf63|123811",1.09080397225356,5.09577956211165,4.93855344403925,3.12882362351234e-06,0.0008387368547368,4.18856111889166
"C1orf110|339512",6.40000634538646,-3.25551157629211,4.92936597988648,3.24963289899879e-06,0.000856603232176081,3.21049965674299
"ZNF43|7594",-3.24113518190351,3.50334385846062,-4.91529110304802,3.443560797948e-06,0.000892841927546649,4.22579370966467
"P2RY1|5028",3.45714412943864,0.585234222768369,4.878261440452,4.00911851900702e-06,0.00100474508773582,3.96517428798784
"NAA20|51126",1.09110453915252,6.25626917047345,4.87782663851128,4.01626837087724e-06,0.00100474508773582,3.88777910768221
"ZNF737|100129842",-4.42970106965365,3.48057827353724,-4.87483882058615,4.06573631860726e-06,0.00100474508773582,4.07159346988937
"ALDH3A2|224",2.05159075104099,5.96451348323887,4.82616537857595,4.96015391837028e-06,0.00120691991342991,3.69595947962596
"ZFP82|284406",-2.45878179180366,1.34515121882485,-4.78739179830151,5.80688102034695e-06,0.00139153985178496,3.71391059909935
"SLC47A1|55244",3.75765708209619,-0.471579600984863,4.77033855448664,6.22228444789186e-06,0.00146883060937101,3.42252077934329
"ZNF439|90594",-3.13803165018645,2.38122785887799,-4.76211003639605,6.4329081989035e-06,0.00149621876579203,3.66874329028423
"ADM|133",2.81646116674512,5.20510588841239,4.75636633792756,6.58401380565255e-06,0.00150917046884349,3.47174579796602
"ZNF137|7696",-2.15293794075608,1.39843274103171,-4.75265193040704,6.68356144414957e-06,0.00151010296858099,3.59211060538697
"C3orf59|151963",-1.81982953298777,3.56508765815586,-4.7180180307063,7.68489270427313e-06,0.00169132664788515,3.47074063051834
"DLD|1738",1.02288870849699,6.51223752161723,4.71754547505818,7.69951433028141e-06,0.00169132664788515,3.26037736904828
"VSIG10L|147645",3.32521766467259,2.41802675819306,4.71234182515246,7.86231921132469e-06,0.00170343069378509,3.48560598346246
"TSKU|25987",1.85958703795621,6.36558498426651,4.66887425464656,9.35917394897709e-06,0.00199656307200083,3.07737268484346
"ZNF280C|55609",1.4164847458116,2.50724812644302,4.66542607925974,9.48908841429351e-06,0.00199656307200083,3.31375266458937
"LYNX1|66004",4.05066400755036,3.19983315741245,4.65870624206491,9.74730865400113e-06,0.00199656307200083,3.27136719591284
"ZNF91|7644",-2.3095873772834,3.85079953781608,-4.65862266405894,9.75056276438178e-06,0.00199656307200083,3.22498355801617
"PTPRM|5797",-2.4519351223005,5.36481468012073,-4.65617122189468,9.84647949014066e-06,0.00199656307200083,3.0769138643692
"SPP1|6696",3.89232953250942,6.04660402873646,4.64844040801766,1.01549879049119e-05,0.00203305428739349,3.00937306872161
"ZNF826|664701",-4.01970539800395,0.0896239926876277,-4.64350089398362,1.03569890675885e-05,0.00204757673866225,3.07635503379064
"TNFRSF18|8784",3.62487125654847,1.47828900262292,4.58686093436033,1.29702187034881e-05,0.00253176186449053,3.00398048695008
"RNF141|50862",1.15117983340834,5.43945733613054,4.58383969102499,1.31262312144805e-05,0.00253176186449053,2.79836892944963
"ZNF429|353088",-2.38518014422599,2.01115697355024,-4.55462793198182,1.4731447679656e-05,0.00274052491000026,2.90828682977639
"TMTC3|160418",1.2946648378863,5.63302444666361,4.55212327463508,1.48776001721606e-05,0.00274052491000026,2.6665679578425
"ADH5|128",1.28698374852447,7.11096813392636,4.55193379834613,1.48887134521207e-05,0.00274052491000026,2.62508142741436
"CYP4F3|4051",5.6366184636186,0.77668962013611,4.55171271307834,1.49016908358638e-05,0.00274052491000026,2.834006603265
"ENPP4|22875",-2.74645777723621,3.29345521034436,-4.52034128713127,1.68584548835452e-05,0.00306475083262243,2.75721460517053
"NQO1|1728",2.97017090251916,7.04585469847915,4.51416794029104,1.72717500778977e-05,0.00310420453672761,2.48413368458095
"PTGR1|22949",2.8024211014152,5.57436869055489,4.48793440735957,1.91399567092845e-05,0.00340132084622522,2.43112680423288
"WASF2|10163",1.31507077567682,7.382159674832,4.48216405607485,1.95763515159546e-05,0.00344021750640376,2.3641101599839
"WNT3A|89780",4.56404943216864,-2.3167601309083,4.47731584287655,1.99504273965861e-05,0.00346742812861985,2.09242636674106
"PLXNA3|55558",-1.58051392994925,5.62573030369632,-4.46824791106982,2.06687113281601e-05,0.00353402962237824,2.35489804214595
"CABYR|26256",2.98772688628266,1.97303185039046,4.46686380674644,2.07805231968371e-05,0.00353402962237824,2.59652232364276
"ACE|1636",-1.94808451009063,3.8332652966596,-4.4588408668643,2.14402412020041e-05,0.00360743462607337,2.48840735057736
"AKAP12|9590",-2.72835684355576,4.84390777417571,-4.44522858059327,2.26061158817846e-05,0.00376356135564532,2.33406313694639
"FRMD8|83786",1.11679078743467,6.23233931664666,4.43521156167335,2.35029252705933e-05,0.00387210693833024,2.20495111240215
"EPT1|85465",1.13987198541177,6.12192292864022,4.42190954518336,2.4747075331926e-05,0.00403504890154373,2.15971086556736
"ZNF160|90338",-1.56834583995245,4.6255116096992,-4.41537388558885,2.53814236155237e-05,0.0040962509786033,2.24693652701618
"WNT5A|7474",3.27835362836876,5.28156452234364,4.40666308310724,2.6251332684469e-05,0.00419384927007639,2.15311754229145
"INSR|3643",-1.42271108246823,6.04270300870438,-4.39793543480071,2.71517481071322e-05,0.00429432048062403,2.07461515768686
"FAM195B|348262",-1.44979883084721,6.21859186607877,-4.38740880218519,2.82774482395654e-05,0.00442808040947492,2.02981902734127
"WDFY2|115825",1.4020168624804,3.3446804884734,4.38457114897326,2.85885251269761e-05,0.00443290307262994,2.26347234689803
"ZNF701|55762",-1.71868596078898,2.29962767161713,-4.37758387969694,2.9368639385662e-05,0.00450965437401582,2.28397739933036
"NHSL1|57224",1.45479959782747,4.62052064689005,4.36485713599889,3.08426264247257e-05,0.00469045172628329,2.06383259417799
"ZNF85|7639",-2.42089296193784,2.21104597416686,-4.35364080011673,3.22006116421088e-05,0.00485033213077707,2.20115701825305
"C14orf126|112487",1.13418761204976,3.86001391609965,4.34208057553308,3.3660487085595e-05,0.00502239871458273,2.06414829353638
"ZNF253|56242",-2.03040002479868,2.86282716571483,-4.3208848108751,3.65045470929157e-05,0.00539584968992107,2.06864225036623
"ZNF625|90589",-2.62578975367584,-0.498661556483112,-4.2977568616216,3.9871828111941e-05,0.00583146115038057,1.85242704700816
"SAMD5|389432",2.88333296942148,1.12253090724133,4.2956762852771,4.01890026170639e-05,0.00583146115038057,1.98192321752063
"ZNF14|7561",-1.44256248097619,2.85501322793928,-4.27774816638039,4.30246028191309e-05,0.0061603025538143,1.91819762446027
"PRICKLE2|166336",-2.08813593452018,3.53382251414883,-4.27646795518486,4.32342933405025e-05,0.0061603025538143,1.86342730057428
"SESN3|143686",2.65739973824637,1.67615743587363,4.27001867916563,4.43056936641663e-05,0.0062565968838612,1.9112877724785
"MEIS3P1|4213",-1.97963496246916,3.68976893389271,-4.25864278138456,4.62581382792389e-05,0.00647450190287118,1.78530944420508
"SVIP|258010",-2.05176195935738,3.43941443717366,-4.25499026265172,4.69023929892032e-05,0.00650708989050209,1.79660660354988
"CYP4F11|57834",5.82042985145703,2.03521902330534,4.23391459720539,5.0791875006902e-05,0.00698542865312315,1.79021288634594
"SLC3A2|6520",1.32405727980193,7.65107135544478,4.22910212234697,5.17225628864429e-05,0.0070521039190688,1.44275476123854
"DGKG|1608",2.91853553107203,0.409354203993696,4.22596626558825,5.23378104618102e-05,0.0070749983783247,1.71015184941398
"DAPK1|1612",-3.17965371711284,5.87578499936656,-4.21586671964392,5.43675168969395e-05,0.00728709023086436,1.42476382286716
"PRMT3|10196",1.0603327920813,4.15373485606996,4.20860397222867,5.5873668344919e-05,0.00736952807879796,1.55827788595013
"TMPRSS11D|9407",6.59987640712067,-2.52364717868933,4.20840982021358,5.59144770773745e-05,0.00736952807879796,1.24742316564738
"UCP2|7351",-2.55266798226813,6.78608852377124,-4.17778736210245,6.27225031493276e-05,0.00808951087970237,1.2631817101065
"HIAT1|64645",0.667442342676638,5.86407624902837,4.17662876105248,6.2995121764177e-05,0.00808951087970237,1.28621005510371
"UGT1A7|54577",6.10211563574741,-2.49526504271093,4.1749314277026,6.33965602012687e-05,0.00808951087970237,1.15594255221821
"AKR1C3|8644",4.57165185099419,5.64268459742253,4.17481968487902,6.34230746764728e-05,0.00808951087970237,1.29277750887996
"ZNF746|155061",0.813841002522412,4.56924024119967,4.17046191198464,6.44654409266762e-05,0.00815668330957048,1.37646127358699
"ZSCAN18|65982",-3.0583570391206,4.30060731669395,-4.15146736915154,6.92041895605715e-05,0.00868677350865078,1.34110164342031
"CCDC151|115948",-3.38972395687863,-1.86198212210713,-4.14408911545804,7.1133645541612e-05,0.00883567751717365,1.17912929615669
"ICK|22858",0.955119930660797,4.66590267082831,4.14268076898916,7.15077593701459e-05,0.00883567751717365,1.26839745145012
"PPP1R9A|55607",-4.18248232170624,2.03402938358608,-4.13806921203763,7.27460390836128e-05,0.00888275372686727,1.46662899086325
"MAGEB2|4113",5.28168943187044,-3.87215319059366,4.1370885205634,7.30120121707603e-05,0.00888275372686727,0.751446873864596
"LOC285629|285629",4.09928547506165,-2.92695650107509,4.12207344251449,7.72026529628585e-05,0.00930111589756402,0.919397901942969
"ARMCX3|51566",-1.29411597731103,5.71815437699954,-4.12059717069386,7.7626915685284e-05,0.00930111589756402,1.09741886170866
"GTF2E2|2961",1.10438879953246,5.15437582833822,4.11643639872194,7.88347428191591e-05,0.0093748142287806,1.12647645649127
"DAPL1|92196",5.83229562180285,-1.96881362290045,4.11287126756868,7.98839861466468e-05,0.00942869496190572,1.06946053344595
"ERGIC3|51614",-0.807762883649242,8.27203261552904,-4.11081445886319,8.04953997250134e-05,0.00943048327445046,1.02885061631169
"KYNU|8942",3.72422861424805,3.95600240630744,4.10395055915089,8.25684380702379e-05,0.00960222365087414,1.21689616984529
"LIN7C|55327",0.802830549333505,5.04201099484424,4.09546827112568,8.5201057277414e-05,0.00981194150665208,1.0642205744013
"PPP4R4|57718",5.20097010748302,-2.35951903127999,4.09416524121537,8.56125397014408e-05,0.00981194150665208,0.948181164997131
"FBXO30|84085",1.02348063925747,4.05304209532024,4.0745851886604,9.20299019081822e-05,0.010456101835909,1.1043543986343
"ZNF607|84775",-2.0346756757783,2.79308753978368,-4.07304068404116,9.25552767467918e-05,0.010456101835909,1.22057865297341
"ZFP30|22835",-2.04546181888535,2.81264786553167,-4.07096007585512,9.32675573395776e-05,0.0104618417509416,1.21235455608351
"ZC4H2|55906",-2.9491146824315,2.43645236414213,-4.05945017762828,9.73037810484739e-05,0.0108377225426948,1.19324870038119
"TMEM2|23670",-1.75646971821786,6.55749677105854,-4.04642143414915,0.000102074550291048,0.0112611837369601,0.807100963022747
"ASF1A|25842",0.98668007908956,4.36808920009604,4.04520896497565,0.000102529745708286,0.0112611837369601,0.965642300096624
"QPRT|23475",-3.2215391803498,3.43051867112847,-4.03596733897205,0.000106063767084799,0.0115689968290564,1.04289902071316
"MARCH7|64844",0.810885378425232,6.27980355902311,4.02061266631883,0.000112194735201144,0.0121539173420636,0.72501671023263
"RGS16|6004",-2.04629922011831,5.09635586971885,-4.01420797587947,0.00011485109079836,0.0122939937618392,0.77844830562556
"TLE1|7088",-2.00256558542288,4.87991112243127,-4.0121786401499,0.000115705245921026,0.0122939937618392,0.793698108242577
"ADAM17|6868",1.13431669094272,5.63074408024696,4.01190770166662,0.000115819743962699,0.0122939937618392,0.726281694106474
"LRRC8A|56262",1.47641257351219,6.78957322617106,3.99745295760004,0.000122087991034328,0.0128729577746595,0.634644604880452
"ZNF763|284390",-2.14251436704708,0.907470362276993,-3.98788546244544,0.000126414031323057,0.013240823307321,0.967233245868367
"DLG4|1742",-1.82010141056216,3.16892441459142,-3.98151069973586,0.000129377427384225,0.0133466341270412,0.885292984596949
"ZNF287|57336",-1.56009025787561,2.12857881214603,-3.98046299132957,0.000129870782259528,0.0133466341270412,0.943254368810608
"PBX4|80714",-2.11589906962554,0.924656719744357,-3.98028273197298,0.000129955845698302,0.0133466341270412,0.943528984037197
"WNT9A|7483",2.6232977974934,-0.650808602909614,3.96873935027393,0.000135515456688816,0.0138104252481553,0.811702349975791
"ACAA2|10449",-2.26864129113349,5.1872342526041,-3.96731270087021,0.000136218154951456,0.0138104252481553,0.609803977520714
"GABRQ|55879",4.68940456686343,-2.81241889319824,3.95702066767008,0.000141391710545729,0.0141542567843903,0.482147477475927
"TNPO1|3842",0.854403927907705,6.86717335649342,3.95700568208409,0.000141399378599751,0.0141542567843903,0.495493869275504
"ZNF883|169834",-3.27932262786551,1.89390751170757,-3.9532327758441,0.000143342656598937,0.0142585374639546,0.860374444393248
"PLIN2|123",-2.12754850964855,6.01886522355352,-3.94433017146816,0.000148029720586954,0.0146327378800204,0.473808277669496
"PAG1|55824",-1.77487148548803,4.29943443881622,-3.93872304709452,0.000151056553862995,0.0148391953782431,0.612739597807327
"ZNF610|162963",-2.71724598407413,1.02040609615429,-3.93680296253772,0.000152106576084578,0.0148501086873685,0.807894337571939
"SUSD1|64420",-1.4195757282058,3.91178424879298,-3.92881403460545,0.00015655075474263,0.015190225380426,0.627925714090299
"MGAT4A|11320",-2.10594729649294,4.88711417048633,-3.9221189421621,0.000160370442179971,0.0154659689848684,0.487337737152485
"NFE2L2|4780",1.08731237572163,7.23482708560605,3.91468228520644,0.00016471750899569,0.0157889219531869,0.349617808255527
"CLDN8|9073",4.90867525515901,-1.81261236107324,3.9113603772811,0.000166695462066465,0.0158822616147181,0.509146830047251
"APBB1|322",-2.34123445512445,3.11537414514729,-3.89797960873728,0.00017489475117199,0.0165636849373424,0.613998494636534
"ZNF675|171392",-2.00385144144759,2.98997938635179,-3.89417433160204,0.000177295909653548,0.0166911434945269,0.612640298853982
"GBP6|163351",5.17897804271066,1.49250126343764,3.88673864881631,0.00018207897590543,0.0170018665052997,0.65248420409129
"PALM2-AKAP2|445815",-1.9694027878875,4.86642830337628,-3.88571590862311,0.000182746415395861,0.0170018665052997,0.367551105235691
"DDAH2|23564",-1.58395063475663,5.44547964370168,-3.868475251251,0.000194355128579796,0.0179761445240822,0.254225200270123
"ZNF808|388558",-1.16637209470444,3.03010932355518,-3.85895726729632,0.000201061809886386,0.0183652105122651,0.494316375041095
"PMS2L11|441263",1.6154234009135,1.06631669964944,3.8576568936856,0.000201995049653609,0.0183652105122651,0.560159476475576
"KEAP1|9817",0.694849787639632,6.65742885493785,3.85758719893977,0.000202045183936148,0.0183652105122651,0.163028533164682
"NSUN3|63899",1.08142205144939,2.38829180443846,3.85472495661341,0.000204114389979623,0.018447275382387,0.525750632333838
"PLA2G3|50487",4.8304360083777,-3.18195507045649,3.85029560385516,0.000207356378106876,0.018633798159877,0.129062756487791
"GRPEL2|134266",1.09870913368261,4.68430422045304,3.84481691626758,0.000211434335802695,0.0188929121754544,0.252360331484859
"TMPRSS11A|339967",5.16475633416497,-2.99264877174597,3.84028597912021,0.000214864485196227,0.0190915544823793,0.134761568438041
"ALDH1A2|8854",-3.65905742801575,0.948735106989317,-3.83557035393476,0.000218490735858869,0.0193053043482898,0.490199094212967
"CDKL2|8999",-2.92388149091169,-0.71812937266666,-3.8335633000562,0.000220051758422697,0.019335214506741,0.402931294378522
"ZNF493|284443",-1.93978030360914,2.32475115053489,-3.83177850876583,0.00022144883309047,0.0193504681997728,0.455522872776261
"KLHL35|283212",-2.56168220341648,0.530155668795887,-3.82783274216264,0.000224567498054713,0.019515162358425,0.457437778077258
"ZNF100|163227",-1.44556525337076,3.06726654132946,-3.82292047543106,0.000228508555058576,0.0197491328240789,0.374129908831857
"ZNF665|79788",-2.53063804375551,-0.0990730481714838,-3.81916986979123,0.000231561883765951,0.019904254095882,0.40401918401373
"PHEX|5251",3.59011451247513,-2.29042750787616,3.81310633912179,0.000236580476790498,0.0200283082487657,0.168602375097857
"PANX2|56666",2.98572643786242,2.39507239170271,3.81295709509093,0.000236705297850809,0.0200283082487657,0.391898467124843
"AKR1B15|441282",5.11797552630671,-0.94341100642274,3.81283901429148,0.000236804099805209,0.0200283082487657,0.322706514640482
"FAM50A|9130",-0.771670397725518,6.41882762186481,-3.80900023469819,0.000240037602688902,0.0201373573659212,0.0064706772791272
"RARB|5915",2.39785054655431,2.23940599696682,3.8072264279453,0.000241545885980868,0.0201373573659212,0.381525398612323
"CELSR1|9620",2.42526608232532,5.59244512362226,3.80679614177487,0.000241913119595664,0.0201373573659212,0.0381212739847125
"LOC100133161|100133161",1.98544475573546,0.847180336646091,3.80499413950192,0.000243456845473825,0.0201597563770368,0.394543048891975
"GCNT3|9245",4.82884904802033,-0.704765111620449,3.80252893739903,0.000245583913204145,0.0202299748501915,0.313063421931803
"CDK20|23552",-1.85219008826395,2.37456627121794,-3.7858475457475,0.000260448971450113,0.0213192745129876,0.306960414850166
"CCDC19|25790",-2.40981621726483,0.801305772904616,-3.78336849209646,0.000262729866450837,0.0213192745129876,0.327665013491367
"GPI|2821",1.14072760164306,8.68411552647099,3.7832369214506,0.000262851449799734,0.0213192745129876,-0.079658874110164
"SLC35A3|23443",1.03931651525006,3.62120840998065,3.76874337772001,0.000276577550312646,0.0223181149782898,0.138405934315653
"MPP3|4356",2.60373543173338,0.77591023446155,3.75368987976711,0.000291554259325629,0.0231943092494233,0.236991412110348
"MTMR8|55613",-2.84433938342542,-0.992015588779451,-3.75246239644374,0.000292808898375294,0.0231943092494233,0.144264392222386
"VGLL3|389136",-3.252200913132,5.20584134356018,-3.75204967919226,0.000293231897942228,0.0231943092494233,-0.109018359480264
"AMTN|401138",4.99702383414449,-3.76539239649791,3.75073085789836,0.000294587473214316,0.0231943092494233,-0.231764239395583
"TDP2|51567",0.969514175440806,5.5004610329189,3.75055532561669,0.000294768345924006,0.0231943092494233,-0.139706546258171
"ABLIM1|3983",1.59618637937894,6.50762187103374,3.74732725007472,0.000298113513914454,0.0233017508481169,-0.198527474214144
"FLYWCH1|84256",1.02033077782212,4.92103366030939,3.74640063257729,0.000299080388351526,0.0233017508481169,-0.0980371139981582
"LOC729082|729082",0.743333329457511,4.55089407285394,3.74421755188906,0.000301370109363356,0.023365047302406,-0.061133347361964
"DCP1B|196513",-1.40245287527696,3.71634551377599,-3.73444531664247,0.000311825453294681,0.0240577139966277,0.0161146835160704
"PGCP|10404",-1.84308871723264,4.0835640481561,-3.7252262419149,0.000322004167714364,0.02472241707073,-0.0615872765289112
"SOX7|83595",2.67056887463716,3.24021757247673,3.71999543925808,0.000327918986725972,0.0250549115654975,0.0268508901680553
"KCTD1|284252",1.85486824465138,4.55763410363522,3.71096446593214,0.000338374512937671,0.0257294773876067,-0.169497407104519
"FRMD4A|55691",-1.43239830345126,4.59958402734032,-3.70790919471172,0.000341982824733445,0.0258794275405941,-0.184610654033945
"ME3|10873",-2.24303197228968,3.11563628296589,-3.70614422248627,0.000344083893885516,0.0259144326937777,-0.00378540047229592
"ABCB6|10058",1.84631325356071,4.55282541088412,3.69860957487733,0.000353191939543133,0.0264743304067024,-0.208635376798412
"ZNF461|92283",-1.42327916196598,2.00109028240848,-3.67578436828161,0.000382200552527184,0.0283300716066003,-0.0181854549063951
"DLGAP4|22839",-0.731916149218064,6.80384103963405,-3.67495282839322,0.000383298888448806,0.0283300716066003,-0.438708706642454
"AKR1C2|1646",4.86715437265291,5.52465750168144,3.67493465859854,0.000383322921333616,0.0283300716066003,-0.386639235363997
"NRG1|3084",4.56020392972842,0.00594317949627658,3.67307643099004,0.000385788329519547,0.0283796661380519,-0.0230264710717698
"ABCC2|1244",3.63501073712636,-2.06077855089977,3.6694161833018,0.000390688624877777,0.028607089310495,-0.193916089478662
"LRRC4|64101",2.36461476307042,0.343369360721548,3.66655845971206,0.000394555482678987,0.0287570945347966,-0.0316263749815304
"TTLL12|23170",1.02111217348941,6.46305936461082,3.66026266750817,0.000403202909227976,0.0292006782840161,-0.479658063132365
"C14orf149|112849",1.41793036133015,1.74843800814453,3.65944856780217,0.000404334126466839,0.0292006782840161,-0.0586503082905887
"METT5D1|196074",0.814209982168716,3.50146237402799,3.65804149945079,0.000406296389754674,0.0292090168198179,-0.199633349874194
"CCDC87|55231",2.04179945437213,-1.43299885947128,3.65413592595519,0.000411790421572503,0.0294700330660213,-0.171452550659376
"CDR2|1039",-1.20612775668541,5.02720197171057,-3.64968203567915,0.000418141709313196,0.0297841916051816,-0.42125541424415
"HYI|81888",-1.19513460985279,3.68477237803733,-3.64746335029931,0.000421340111439751,0.0297841916051816,-0.256325237422395
"ACOT13|55856",1.02050766926834,4.92037914422375,3.64712512243468,0.000421829724302015,0.0297841916051816,-0.417724678023802
"LOC100271722|100271722",2.12102490003307,0.162855662317008,3.64288973922748,0.000428006619944923,0.0300860120046618,-0.105799485539753
"DENND2C|163259",2.43931675372255,2.19421086738066,3.64130788760078,0.000430335503358697,0.0300937275914235,-0.133385495843081
"ZNF568|374900",-1.88069961509423,1.76269428770919,-3.6402350203112,0.000431921861611858,0.0300937275914235,-0.117553374137647
"AHDC1|27245",1.15975071518273,5.07205624590479,3.63279427024976,0.000443077293950509,0.0306376353587468,-0.479861016919561
"SREBF1|6720",1.57570357735115,7.24938184681248,3.63244828826754,0.000443602585808865,0.0306376353587468,-0.578314011587103
"TCEAL3|85012",-1.37180351263729,4.33694161504727,-3.6288334372829,0.00044912627679001,0.0308842660596121,-0.402887004519015
"FYN|2534",-1.52012246017234,4.42988254081813,-3.62075952143496,0.00046169981858316,0.0315901181147907,-0.440798410873799
"ZNF876P|642280",-2.49001203882155,-0.906963337059274,-3.61969286022308,0.000463385647612003,0.0315901181147907,-0.225273839777783
"UPK3A|7380",-7.24669497848038,1.51190427312888,-3.61762908946652,0.000466663942366238,0.0316770682938387,-0.178325984134945
"RGMA|56963",3.36451208291126,1.34028135788716,3.61072604822823,0.0004777896934441,0.0322936828697089,-0.195192152820701
"C12orf54|121273",3.85653917092012,-3.34153911266445,3.60165181006342,0.000492797119000676,0.0329859768493066,-0.537930097862534
"CLUAP1|23059",1.04763005417177,3.66232917451107,3.60150488100567,0.000493043748582025,0.0329859768493066,-0.397421065622701
"KRT15|3866",4.35818355556805,5.10881363023051,3.60076402209641,0.000494289106808654,0.0329859768493066,-0.585330283311029
"GLI2|2736",2.60179419790462,0.777846328127367,3.59759218643354,0.000499654583317648,0.0332039365115627,-0.22917518864964
"QSER1|79832",0.984543377712339,5.6309323298248,3.59424159711233,0.000505382270614384,0.0334440418076866,-0.651974159577387
"PPP1R3C|5507",-3.19059099922962,3.39018425211952,-3.58982269499117,0.000513031222824725,0.0338087575841493,-0.39895883592833
"SH3KBP1|30011",-1.90077560923144,5.37810156439998,-3.58555927573271,0.000520514739861085,0.0341389678750292,-0.65909705974882
"SGK1|6446",2.11661641575929,5.93260239119909,3.58451748300845,0.000522359017814686,0.0341389678750292,-0.701358772773432
"JKAMP|51528",0.699560236263301,5.13652723028378,3.58311969418478,0.000524843223998765,0.0341601663817468,-0.643822058355492
"GTF2H1|2965",0.77372508189181,4.96938349282138,3.58149700632029,0.000527741144237572,0.0342080079395961,-0.631047393435978
"NFIB|4781",-1.62095470544502,5.11164262738227,-3.57794329613622,0.000534140577140726,0.0344814994614601,-0.657574162884968
"PCSK9|255738",4.70788190267609,0.750974616016276,3.57432340238747,0.000540734589783458,0.034532371436952,-0.297400630664137
"RPTN|126638",4.88162484436017,-3.45534836387875,3.5739229903771,0.000541468691292424,0.034532371436952,-0.623733202909281
"NAP1L4|4676",0.656048922102036,7.22030626610513,3.57322785966751,0.000542745358240531,0.034532371436952,-0.766234959511801
"DNAJA3|9093",0.645044179525658,5.85672918648105,3.57175893261215,0.000545452535655725,0.034532371436952,-0.737551918649027
"UNKL|64718",0.986679671470895,3.51152481466524,3.57154626669873,0.000545845527265933,0.034532371436952,-0.470806068245592
"AGPAT9|84803",2.52388935080059,0.973796114822942,3.57032501624949,0.000548107499466878,0.0345373235520643,-0.309945841944821
"MFF|56947",0.948875824423938,5.71044114944351,3.56499594258191,0.000558081992235462,0.0350262888460161,-0.749718583741061
"C5orf25|375484",-2.17943410299318,2.76415431591563,-3.56267587827824,0.000562477879545981,0.035162648786163,-0.414954538878114
"F10|2159",-2.15747178308123,-1.01945348725761,-3.55728709810964,0.000572814759050217,0.0356463414340112,-0.406128131749384
"RNF217|154214",2.50580733276904,1.45879943499708,3.55601575944148,0.000575279508020437,0.0356463414340112,-0.360722900319438
"GSTZ1|2954",1.20402671325753,4.27528669074197,3.55426334282563,0.000578693355996628,0.0356463414340112,-0.628406494842574
"TBC1D1|23216",-1.14370198490572,6.27172009003803,-3.55398849749912,0.000579230510150536,0.0356463414340112,-0.811739591246889
"TCN2|6948",-1.55638228421561,4.15707383417563,-3.55007546547703,0.000586929372301298,0.0359003869709026,-0.625075091749847
"PBXIP1|57326",-1.15500495191897,7.06543167970249,-3.54958641446574,0.000587898345059672,0.0359003869709026,-0.839959371901196
"SLURP1|57152",4.5509134262153,-3.25159840539997,3.54836256192224,0.00059032983167932,0.0359102177609235,-0.65839936803621
"NRG4|145957",3.24122565184679,-0.228607172162116,3.54227380248576,0.000602568518296225,0.0365142669937666,-0.407229039830104
"RASSF9|9182",3.65829067585549,-1.3200371593668,3.54030038280174,0.000606586339390602,0.0366174410068769,-0.473761913730176
"KIAA0319|9856",3.60096832300987,-1.66457213298955,3.53770090961858,0.000611917411439079,0.0367988052445645,-0.508432583704262
"ZNF555|148254",-1.0734526191945,1.40082936815569,-3.5329787587554,0.000621715107979931,0.0371136939329412,-0.427172975154772
"CYP4F2|8529",3.88997015450948,-3.59541895264044,3.53291577055391,0.00062184679389412,0.0371136939329412,-0.744987681628565
"MBOAT2|129642",1.6863489140433,4.76554455562318,3.53148133168747,0.000624852833914623,0.037152903839074,-0.76349593359773
"AGFG1|3267",1.11195296560234,6.17160674846725,3.52773160993433,0.000632775770338281,0.037483077092398,-0.890428608062766
"DLC1|10395",-1.77235898553559,4.25697119639529,-3.52612691481159,0.000636195291307163,0.0375450176392317,-0.713112887892174
"C10orf125|282969",-1.76236270957467,2.60385923873948,-3.52460714525885,0.000639449918324329,0.0375968026327791,-0.51630286692449
"ZNF69|7620",-2.42183989770122,1.43533451132869,-3.52253489002709,0.000643913040686701,0.0377189950055587,-0.458848830323281
"SYNE1|23345",-1.72716110012116,4.2928050505986,-3.51860708418667,0.000652453357468201,0.0380782372757087,-0.74124906756346
"C11orf9|745",2.9674419891521,1.76910079966429,3.5134779752667,0.000663766712317808,0.0385562722001406,-0.497482719929739
"ABCA12|26154",3.80645663020874,2.08202303547292,3.5126905411598,0.000665519872953869,0.0385562722001406,-0.515427137790229
"SERPINB13|5275",6.65513807067741,0.835442282886588,3.51011134702305,0.000671292890579582,0.0387487896255718,-0.484288322664971
"ZNF709|163051",-1.59671012726798,1.40619798989539,-3.50661292841351,0.000679198951006216,0.0389385973915672,-0.504710050751799
"ZNF358|140467",-1.12274317035059,5.78845155696998,-3.50647822594474,0.000679505113813388,0.0389385973915672,-0.937532251197151
"RAB10|10890",0.810390283103301,7.90624029150256,3.50013920458376,0.000694061084139254,0.0396291339593734,-0.993258010308328
"PPP2R2C|5522",4.6592179698041,1.11939502163687,3.49422907165309,0.000707896709838287,0.0401115479128294,-0.533974392169681
"ZNF583|147949",-1.69138723993978,1.16524837733227,-3.49413815331602,0.00070811156719607,0.0401115479128294,-0.535139236060862
"TIMP1|7076",-1.64522105029058,8.11518126394069,-3.49329018113673,0.000710118450657071,0.0401115479128294,-1.01281891908439
"ZBTB8B|728116",-4.04650143487052,-0.670810413184111,-3.48977244588976,0.00071850123884988,0.0404406248884331,-0.571934249945102
"ZNF525|170958",-1.14990682280811,3.75199142728531,-3.48651331108519,0.000726350969401328,0.0405762910600614,-0.76397040368619
"ZNF320|162967",-1.82634262312445,4.70612752723345,-3.48615800707233,0.000727211601148541,0.0405762910600614,-0.89613732182476
"TPD52L1|7164",2.25442674556194,4.4191431525467,3.48558229302849,0.000728608160157906,0.0405762910600614,-0.860216222413374
"PIR|8544",2.17027841353438,4.55743482883968,3.48321368424023,0.000734380541205698,0.040754254876173,-0.886024746020189
"HSD17B11|51170",-1.48637563924484,5.78338956077328,-3.47923172577898,0.000744181972734833,0.0411537834992102,-1.02153006419809
"MEGF9|1955",1.13744495866026,5.1502004450387,3.47374128466647,0.000757898820779013,0.0416703133351603,-0.985577769160574
"PART1|25859",3.83624088239081,-0.65511553272121,3.47338712832727,0.000758791745101554,0.0416703133351603,-0.616153410263575
"NAP1L5|266812",-1.67509383028359,2.11015739473886,-3.47061670760238,0.000765811014854192,0.0419102664738197,-0.641682011047383
"ORAI2|80228",-1.23740942510156,5.13968289118418,-3.46542937313749,0.000779118716702286,0.0423935273722884,-1.01002558059082
"MFSD3|113655",1.1552211198045,3.93448236026699,3.46508791269252,0.000780002305597871,0.0423935273722884,-0.854756286620225
"GUSB|2990",-0.992833973187891,6.44899299497048,-3.4623137929615,0.000787215896576635,0.0426390637680002,-1.10186886592676
"LEPREL2|10536",-1.77639307797842,4.59462703050071,-3.45908138565465,0.000795700443661157,0.0428641013655606,-0.964798280997235
"GOLT1A|127845",-4.3273731710899,2.02191069581121,-3.45866828264048,0.000796790958616263,0.0428641013655606,-0.671596756635614
"C10orf11|83938",-2.09336974139143,1.27568282353333,-3.45629587128114,0.00080308098655175,0.0429522647413905,-0.64730089694039
"PHKB|5257",0.789655118917198,5.88017641548567,3.45600278032581,0.000803861302696736,0.0429522647413905,-1.09883740777927
"DDAH1|23576",-2.13817452499541,4.93470220696142,-3.45098358052592,0.000817335578751351,0.043422488350683,-1.03173483239987
"CACNA1I|8911",-3.95363291147955,-0.863065710892357,-3.45068174920646,0.000818152600436491,0.043422488350683,-0.687939326785729
"HS2ST1|9653",-0.819051924350279,5.88888640318731,-3.44746063813476,0.000826919792822444,0.0437410148604674,-1.12550972294047
"HSD17B12|51144",0.895288495295097,5.99110043174211,3.44222870583411,0.000841348776445676,0.0442502010843753,-1.14691479729118
"MORN3|283385",-2.66812705565279,-1.4724977518448,-3.44194370611617,0.000842141535558735,0.0442502010843753,-0.747899835431322
"CD63|967",-0.981187330907764,9.2439251963068,-3.43832252743019,0.000852275671785362,0.0446344106786665,-1.16882232712873
"ID3|3399",-1.7309674536556,5.81652477563477,-3.43353598542769,0.000865847363673291,0.0451955178345108,-1.16388533191195
"GPC1|2817",1.6825857884907,7.48709270553565,3.42962085452335,0.000877099202977137,0.0456322401127842,-1.2123050906607
"KCNG1|3755",-3.69719735332339,3.63422967264868,-3.42746252786167,0.000883360779684957,0.045807324890155,-0.926132653658925
"PKN1|5585",-1.49794295883801,6.25500434360743,-3.42442376494611,0.000892247929743991,0.0459823858349899,-1.21219531875481
"C1orf88|128344",-3.32876799336718,1.2362467081322,-3.42432051414037,0.000892551368951815,0.0459823858349899,-0.738118814831662
"CLIP2|7461",-1.43904471517928,4.82544304373006,-3.42112451718261,0.000901992091661282,0.0463178796159573,-1.10952883192474
"ITIH5|80760",-2.05692400731362,3.62543265833388,-3.41448570000352,0.000921903623048133,0.047187144667085,-0.963777453778064
"NKX2-8|26257",4.19740604328762,-2.2997701340789,3.41325719454618,0.00092563325665824,0.0472252115719572,-0.889087537353961
"IL20RB|53833",3.82310145106478,2.66883209767404,3.40830137462145,0.000940823226362052,0.0477002211532995,-0.868249326514758
"UBXN10|127733",-2.99065846710995,1.82867320036074,-3.40825206626515,0.000940975531096955,0.0477002211532995,-0.807849449867436
"C6orf204|387119",1.67350169993775,0.256683023811102,3.40475003816758,0.000951852153911769,0.0480974238538931,-0.782367212316466
"ABCA3|21",-2.89962073548675,2.61586997352674,-3.4027591498574,0.000958088047036757,0.0482583457067941,-0.879599436957931
"LOC201651|201651",4.14209751459872,-2.65354308137913,3.39970417429359,0.00096773161036035,0.0483967344815469,-0.957348156945428
"PDE9A|5152",-3.1789400901732,2.55938965610665,-3.39942037693361,0.000968632082359047,0.0483967344815469,-0.884289358388179
"QPCT|25797",-2.3303627563024,3.84823720660192,-3.39898486100093,0.000970015479934899,0.0483967344815469,-1.04167698749119
"GRAMD1A|57655",-1.18830053763956,5.59238472968787,-3.39536427348642,0.00098158821646007,0.0488201233695989,-1.26446527187018
